<BackupInst xmlns="http://www.microsoft.com/GroupPolicy/GPOOperations/Manifest"><GPOGuid><![CDATA[{6903CA19-953D-4AEC-8168-B465B393929C}]]></GPOGuid><GPODomain><![CDATA[corp.acme.com]]></GPODomain><GPODomainGuid><![CDATA[{c63dc14d-c172-4002-a8c0-9a1cff7227af}]]></GPODomainGuid><GPODomainController><![CDATA[acme-dc01.corp.acme.com]]></GPODomainController><BackupTime><![CDATA[2023-12-27T14:40:41]]></BackupTime><ID><![CDATA[{EC000D70-3BA4-430B-943D-15682D495F09}]]></ID><Comment><![CDATA[MDI-DC-NTLMAudit]]></Comment><GPODisplayName><![CDATA[MDI-DC-NTLMAudit]]></GPODisplayName></BackupInst>
