<BackupInst xmlns="http://www.microsoft.com/GroupPolicy/GPOOperations/Manifest"><GPOGuid><![CDATA[{1DCDAAF6-A0EC-409C-80BB-B6BA7038D905}]]></GPOGuid><GPODomain><![CDATA[corp.acme.com]]></GPODomain><GPODomainGuid><![CDATA[{c63dc14d-c172-4002-a8c0-9a1cff7227af}]]></GPODomainGuid><GPODomainController><![CDATA[acme-dc01.corp.acme.com]]></GPODomainController><BackupTime><![CDATA[2023-12-28T08:45:47]]></BackupTime><ID><![CDATA[{7A783A81-B25E-464E-91B4-65FBFBFC1047}]]></ID><Comment><![CDATA[MDI-Windows-SAMR]]></Comment><GPODisplayName><![CDATA[MDI-Windows-SAMR]]></GPODisplayName></BackupInst>
