<BackupInst xmlns="http://www.microsoft.com/GroupPolicy/GPOOperations/Manifest"><GPOGuid><![CDATA[{034A176B-6486-4673-A050-87A2FC7326BC}]]></GPOGuid><GPODomain><![CDATA[corp.acme.com]]></GPODomain><GPODomainGuid><![CDATA[{c63dc14d-c172-4002-a8c0-9a1cff7227af}]]></GPODomainGuid><GPODomainController><![CDATA[acme-dc01.corp.acme.com]]></GPODomainController><BackupTime><![CDATA[2023-12-27T15:06:43]]></BackupTime><ID><![CDATA[{F7D2DE3D-C7CB-49FF-B6C0-4317C15FEFA4}]]></ID><Comment><![CDATA[MDI-ADCS-Audit]]></Comment><GPODisplayName><![CDATA[MDI-ADCS-Audit]]></GPODisplayName></BackupInst>
