<BackupInst xmlns="http://www.microsoft.com/GroupPolicy/GPOOperations/Manifest"><GPOGuid><![CDATA[{32078EBF-61DC-45E0-8552-51AD9E083955}]]></GPOGuid><GPODomain><![CDATA[corp.acme.com]]></GPODomain><GPODomainGuid><![CDATA[{c63dc14d-c172-4002-a8c0-9a1cff7227af}]]></GPODomainGuid><GPODomainController><![CDATA[acme-dc01.corp.acme.com]]></GPODomainController><BackupTime><![CDATA[2023-12-27T14:07:11]]></BackupTime><ID><![CDATA[{9A8A0A9F-E336-4910-89DA-2102347E3599}]]></ID><Comment><![CDATA[MDI-DC-AdvancedAudit]]></Comment><GPODisplayName><![CDATA[MDI-DC-AdvancedAuditLogs]]></GPODisplayName></BackupInst>
